{
  "domain": "smalltalk",
  "customResponses": [
    {
      "action": "smalltalk.appraisal.good",
      "parameters": [],
      "customAnswers": [
        "I\u0027m happy that I was useful to you. Please don\u0027t hesitate to ask for my help again in the future."
      ]
    },
    {
      "action": "smalltalk.appraisal.no_problem",
      "parameters": [],
      "customAnswers": [
        "Thank you for your understanding"
      ]
    },
    {
      "action": "smalltalk.appraisal.thank_you",
      "parameters": [],
      "customAnswers": [
        "My pleasure.",
        "You\u0027re welcome. I\u0027m here to help you."
      ]
    },
    {
      "action": "smalltalk.appraisal.well_done",
      "parameters": [],
      "customAnswers": [
        "Thank you! You are always so kind to me."
      ]
    }
  ]
}