{
  "id": "3660cbbf-a9d8-4ffc-b45c-1a9431006e53",
  "name": "currency",
  "isOverridable": true,
  "entries": [
    {
      "value": "currency",
      "synonyms": [
        "currency",
        "cash",
        "coniage"
      ]
    },
    {
      "value": "dollar",
      "synonyms": [
        "Dollar",
        "dollar"
      ]
    },
    {
      "value": "euro",
      "synonyms": [
        "euro",
        "Euro",
        "Euros"
      ]
    },
    {
      "value": "hkd",
      "synonyms": [
        "hkd",
        "HKD",
        "hong kong dollar",
        "dollars of hong kong"
      ]
    }
  ],
  "isEnum": false,
  "automatedExpansion": false
}