{
  "id": "a37efff3-cf62-4ae5-8180-e7e30071a785",
  "name": "goodbye",
  "isOverridable": true,
  "entries": [
    {
      "value": "goodbye",
      "synonyms": [
        "goodbye",
        "bye",
        "bye bye",
        "cya",
        "bye",
        "bbye",
        "good bye"
      ]
    },
    {
      "value": "see you",
      "synonyms": [
        "see you",
        "c\u0027ya",
        "cya",
        "see you later"
      ]
    },
    {
      "value": "talk to you later",
      "synonyms": [
        "talk to you later",
        "ttyl",
        "laters"
      ]
    },
    {
      "value": "thank you",
      "synonyms": [
        "thank you",
        "ty",
        "thanks"
      ]
    }
  ],
  "isEnum": false,
  "automatedExpansion": false
}